user_input,retrieved_contexts,response,reference,faithfulness,answer_relevancy,category
What is the difference between primary and secondary markets?,"['[Regulators and Market Participants in the Stock Market | [2. Regulators, the guardians of capital markets](https://zerodha.com/varsity/chapter/regulators/) > 2.1 – What is the stock market?]\n## 2.1 – What is the stock market?\nIn the previous chapter, we established that investing in equities is vital to generate inflation-beating returns. Having said that, how do we go about investing in equities? Before we dwell further into this topic, it is essential to understand the market ecosystem and the many different entities involved in making our capital market journey smooth.\nJust like the way we go to the neighborhood kirana store or a supermarket to shop for our daily needs, similarly, we go to the stock market to shop (read as transact) for investments. The stock market is where all the participants who wish to transact in shares go. Transact means to buy or sell shares in the context of stock markets. The primary purpose of the stock market is to help you facilitate your transactions. So if you want to buy shares of a company, the stock market helps you meet the seller and vice versa.\n[![Ch2-title](http://zerodha.com/varsity/wp-content/uploads/2014/07/Ch2-title.jpg)](http://zerodha.com/varsity/wp-content/uploads/2014/07/Ch2-title.jpg)', '[How IPOs Work: Process, Pricing & Listing explained (Part 2) | [5. The IPO Markets (Part 2)](https://zerodha.com/varsity/chapter/the-ipo-markets-part-2/) > 5.5 – What happens after the IPO?]\n## 5.5 – What happens after the IPO?\nDuring the bidding process, investors can bid for shares at a particular price within the specified price band. This whole system is referred to as the Primary Market around the date of the issue where one bids for shares. The moment the stock gets listed and debuts on the stock exchange, the stock starts to trade publicly. This is called the **secondary market**.\nOnce the stock transitions from primary to secondary markets, the stock gets traded daily on the stock exchange. People transact (buy or sell) these listed shares regularly.\nWhy do people trade? Why does the stock price fluctuate? We will answer all these questions and more in the subsequent chapters.', '[How Stock Markets Work: Trading, Prices & Participants | [6. The Stock Markets](https://zerodha.com/varsity/chapter/the-stock-markets/) > 6.2 – What is the stock market?]\nIf B trades from her point of view, she should be a buyer of the Infosys stock.\nSo at, Rs.3000, A will be a seller, and B will be a buyer in Infosys.\n[![Ch-6-title](http://zerodha.com/varsity/wp-content/uploads/2014/08/Ch-6-title.jpg)](http://zerodha.com/varsity/wp-content/uploads/2014/08/Ch-6-title.jpg)\nNow both A and B will place orders to sell and buy the stocks respectively through their respective stock brokers. The stock broker routes it to the stock exchange. The stock exchange has to ensure that these two orders are matched and that the trade is executed. This is the primary job of the stock market – to facilitate the transactions between different market participants.\nA stock market is where market participants can access any publicly listed company and trade from their point of view as long as other participants have an opposing point of view. After all, different opinions are what make a market.', '[How IPOs Work: Process, Pricing & Listing explained (Part 2) | [5. The IPO Markets (Part 2)](https://zerodha.com/varsity/chapter/the-ipo-markets-part-2/) > 5.1 – Overview]\n## 5.1 – Overview\n_This chapter was updated on 15th November 2022. A few comments in the query section may seem out of place. Kindly ignore those comments. The essence of the chapter remains the same._\nThe previous chapter gave us perspective on how a company evolves from the idea generation stage until it decides to file for an IPO. The idea behind creating the fictional story in the previous chapter was to give you a sense of how a business matures over time. Of course, many nuances were intentionally overlooked to drive the point across, and I hope that helped. The emphasis was on the different stages of business and funding options available at various stages of business.\n[![Ch5-title](http://zerodha.com/varsity/wp-content/uploads/2014/08/Ch5-title.jpg)](http://zerodha.com/varsity/wp-content/uploads/2014/08/Ch5-title.jpg)\nCircumstances leading to an IPO are extremely important to understand because the IPO market, also called the **Primary market** , sometimes attracts many new first-time stock market investors. In this chapter, we will understand the IPO process and the many different aspects of a company’s IPO.', '[Market Intermediaries in Stock Markets explained | [3. Market Intermediaries in Stock Markets explained](https://zerodha.com/varsity/chapter/financial-intermediaries/) > ![broker3](http://zerodha.com/varsity/wp-content/uploads/2014/07/broker3.png) 3.4 – Banks]\n##  ![broker3](http://zerodha.com/varsity/wp-content/uploads/2014/07/broker3.png) 3.4 – Banks\nBanks play a straightforward role in the market ecosystem. They help facilitate the fund transfer from your bank account to your trading account. Both the trading account and bank account are linked. Broker’s link these accounts after verifying your bank account.\nYou can link multiple bank accounts to your trading through which you can transfer funds and trade. Irrespective of how many bank accounts you choose to link with your trading account, funds can be withdrawn to only one bank account. The account you choose to withdraw funds (from your trading account) is called the ‘Primary account.’ At Zerodha, you can add one primary bank account and up to 2 secondary bank accounts. You can add funds to all the bank accounts, but withdrawals are only processed to the primary bank account.\nAlso, dividend payments and money from buybacks will be sent to the primary bank account. The primary bank account is connected to your trading account, the Depository, the Registrar, and the transfer agents (RTA).']","The primary market is where investors bid for shares at a specific price within a set price band during the bidding process, typically around the date of an Initial Public Offering (IPO) [2]. The secondary market is established once a stock is listed and begins trading publicly on the stock exchange. In this market, listed shares are traded daily, allowing people to buy or sell them regularly [2].",Primary market is where companies issue new shares via IPO. Secondary market is where already issued shares are traded between investors.,,0.8222785098019046,Straightforward
Who regulates the stock market in India?,"['[Regulators and Market Participants in the Stock Market | [2. Regulators, the guardians of capital markets](https://zerodha.com/varsity/chapter/regulators/) > 2.3 – The Regulator]\n## 2.3 – The Regulator\nIn India, the stock market regulator is called **The Securities and Exchange Board of India,** often referred to as SEBI. SEBI aims to promote the development of stock exchanges, protect the interest of retail investors, and regulate market participants’ and financial intermediaries’ activities. In general, SEBI ensures:\n1.     1. The stock exchange conducts its business fairly\n2. Stockbrokers conduct their business fairly\n3. Participants don’t get involved in unfair practices\n4. Corporates don’t use the markets to benefit themselves (Satyam Computers) unduly\n5. Small investors’ interests are protected\n6. Large investors with mega cash piles should not manipulate the markets\n7. Overall development of markets  \nGiven the above objectives, it becomes imperative for SEBI to regulate all the entities which are involved in the market. All the entities mentioned below are directly involved in the stock markets. Malpractice by any of the following entities can disrupt what is otherwise a harmonious market in India.', '[Regulators and Market Participants in the Stock Market | [2. Regulators, the guardians of capital markets](https://zerodha.com/varsity/chapter/regulators/) > 2.1 – What is the stock market?]\nUnlike a supermarket, the stock market does not exist in a brick-and-mortar form. It exists in electronic form. You access the market electronically from your computer and conduct transactions (buy or sell). It is also important to note that you can access the stock market via a registered intermediary called the stockbroker. We will discuss the stockbrokers at a later point.\nIndia has two stock exchanges – the Bombay Stock Exchange (BSE) and the National Stock Exchange (NSE). There were many other exchanges earlier, but none of them survived. So when you talk about the stock markets in India, you are essentially referring to either NSE or BSE. Older stock exchanges like Bangalore Stock Exchange (BgSE), Madras Stock Exchange (MSE), Calcutta Stock Exchange (CSE) have either merged with BSE/NSE or shut shop.', '[Regulators and Market Participants in the Stock Market | [2. Regulators, the guardians of capital markets](https://zerodha.com/varsity/chapter/regulators/) > 2.1 – What is the stock market?]\n## 2.1 – What is the stock market?\nIn the previous chapter, we established that investing in equities is vital to generate inflation-beating returns. Having said that, how do we go about investing in equities? Before we dwell further into this topic, it is essential to understand the market ecosystem and the many different entities involved in making our capital market journey smooth.\nJust like the way we go to the neighborhood kirana store or a supermarket to shop for our daily needs, similarly, we go to the stock market to shop (read as transact) for investments. The stock market is where all the participants who wish to transact in shares go. Transact means to buy or sell shares in the context of stock markets. The primary purpose of the stock market is to help you facilitate your transactions. So if you want to buy shares of a company, the stock market helps you meet the seller and vice versa.\n[![Ch2-title](http://zerodha.com/varsity/wp-content/uploads/2014/07/Ch2-title.jpg)](http://zerodha.com/varsity/wp-content/uploads/2014/07/Ch2-title.jpg)', '[Regulators and Market Participants in the Stock Market | [2. Regulators, the guardians of capital markets](https://zerodha.com/varsity/chapter/regulators/) > 2.3 – The Regulator]\ndebenture obligation is honored  |\n| Depositories  | NSDL and CDSL  | Safekeeping, reporting, and settlement of clients’ securities  | They act like a digital vault for your shares. The depositories hold your shares and facilitate the exchange of your securities. When you buy shares, these shares sit in your Depositary account, usually referred to as the DEMAT account.  |\n| Depository Participant (DP)  | Most of the banks and few stockbrokers  | Act as an agent to the depositories  | You cannot directly interact with NSDL or CDSL. You must liaise with a DP to open and maintain your DEMAT account.  |\n| Foreign Institutional Investors (FII)  | Foreign corporate, funds and individuals  | Make investments in India  | These are foreign entities with interest in investing in India. They usually transact large amounts of money, and hence their activity in the markets has an impact in terms of market sentiment.  |\n| Merchant Bankers  | Karvy, Axis Bank, Edelweiss Capital  | Help companies raise money in the primary markets  | If a company plans to raise money by floating an IPO, then merchant bankers are the ones who help companies with the IPO process.  |\n| Asset Management Companies', '[Regulators and Market Participants in the Stock Market | [2. Regulators, the guardians of capital markets](https://zerodha.com/varsity/chapter/regulators/) > 2.3 – The Regulator]\nSEBI has prescribed a set of rules and regulations for each entity. The entity should operate within the legal framework as prescribed by SEBI. The specific rules applicable to a specific entity are made available by SEBI on its website. They are published under the ‘Legal Framework’ section of their site.\n| Entity  | Example of companies  | What do they do?  | In simpler words  |\n| --- | --- | --- | --- |\n| Credit Rating Agency (CRA)  | CRISIL, ICRA, CARE  | They rate the creditworthiness of corporate and governments  | If a corporate (or Govt) entity wants to avail loan (debt financing), CRAs check for creditworthiness and assign a rating, the basis on which other entities can decide to extend a loan or not.  |\n| Debenture Trustees  | Almost all banks in India  | Act as a trustee to corporate debenture  | When companies want to raise a loan, they can issue debentures against which they promise to pay interest. The public can subscribe to these debentures. A Debenture Trustee ensures that the\ndebenture obligation is honored  |']","In India, the stock market regulator is called The Securities and Exchange Board of India, often referred to as SEBI [1].",SEBI (Securities and Exchange Board of India) regulates the stock market.,1.0,0.8083003399391232,Straightforward
Can you explain how a company goes public and issues its first shares to the public?,"['[How IPOs Work: Process, Pricing & Listing explained (Part 2) | [5. The IPO Markets (Part 2)](https://zerodha.com/varsity/chapter/the-ipo-markets-part-2/) > 5.2 – Why do companies go public?]\n## 5.2 – Why do companies go public?\nWe closed the previous chapter with a few unanswered questions: Why did the company decide to file for an IPO, and in general, why do companies go public?\nWhen a company decides to file for an IPO, one of the main reasons is to raise funds to fuel its CAPEX requirement. Apart from this, there are several other reasons for an IPO, sometimes, a company raises funds via IPO to reduce a high-cost debt, or sometimes a company can IPO to give an exit for an early-stage investor. Here is something interesting you can do. Think about a company that went IPO recently, and google for the IPO reason, and you’ll know why the company went public.\nThe promoter has three advantages in taking his company public –\n1.     1. Raise funds to meet CAPEX requirement\n2. Avoid the need to raise debt which means there are no finance charges to pay, which further translates to better profitability.\n3. The promoter can spread the risk amongst a large group of investors instead of one large investor. 100s and thousands of retail investors are better than one large private equity investor.  \nThere are other advantages as well in filing for an IPO –', '[How Stock Markets Work: Trading, Prices & Participants | [6. The Stock Markets](https://zerodha.com/varsity/chapter/the-stock-markets/) > 6.1 – Public Limited company]\n## 6.1 – Public Limited company\nHaving understood the IPO process and the circumstances that lead a company to offer its shares to the public and raise funds, we are now set to explore the stock markets a step further.\nOnce a company becomes publicly traded, the company is obligated to disclose all information related to the company to the public. The shares of a public limited company are traded on the stock exchanges daily. There are a few reasons why market participants trade stocks. We will explore some of these reasons in this chapter.', '[How IPOs Work: Process, Pricing & Listing explained (Part 2) | [5. The IPO Markets (Part 2)](https://zerodha.com/varsity/chapter/the-ipo-markets-part-2/) > 5.3 – Merchant Bankers]\n## 5.3 – Merchant Bankers\nHaving decided to go public, the company must do a series of things to ensure a successful initial public offering. The first and foremost step would be to appoint a **merchant banker.** Merchant bankers are called **Book Running Lead Managers (BRLM)/Lead Managers (LM).** The job of a merchant banker is to assist the company with various aspects of the IPO process, including:\n*     * Conduct due diligence on the company filing for an IPO, ensure their legal compliance and issue a due diligence certificate.\n* Work closely with the company and prepare their listing documents, including **Draft Red Herring Prospectus (DRHP).** We will discuss this in a bit more detail at a later stage.', '[How IPOs Work: Process, Pricing & Listing explained (Part 2) | [5. The IPO Markets (Part 2)](https://zerodha.com/varsity/chapter/the-ipo-markets-part-2/) > 5.4 – IPO sequence of events]\n## 5.4 – IPO sequence of events\nEvery step in the IPO sequence must happen under the SEBI guidelines. In general, the following is the sequence of steps involved.\n*     * **Appoint a merchant banker**. In case of a large public issue, the company can appoint more than one merchant banker\n* **Apply to SEBI with a registration statement** – The registration statement contains details on what the company does, why the company plans to go public, and the financial health of the company\n* **Getting a nod from SEBI** – Once SEBI receives the registration statement, SEBI takes a call on whether to issue a go-ahead or a ‘no go’ to the IPO\n* **DRHP** – If the company gets the initial SEBI nod, then the company needs to prepare the DRHP. A DRHP is a document that gets circulated to the public. Along with a lot of information, DRHP should contain the following details:\n* The estimated size of the IPO\n* The estimated number of shares being offered to the public\n* Why the company wants to go public, and how does the company plan to utilize the funds along with the timeline projection of fund utilization\n* Business description including the revenue model, expenditure details', '[How IPOs Work: Process, Pricing & Listing explained (Part 2) | [5. The IPO Markets (Part 2)](https://zerodha.com/varsity/chapter/the-ipo-markets-part-2/) > 5.4 – IPO sequence of events]\n* Business description including the revenue model, expenditure details\n* Complete financial statements\n* Management Discussion and Analysis – how the company perceives future business operations to emerge\n* Risks involved in the business\n* Management details and their background  \n*     * **Market the IPO** – This would involve TV and print advertisements to build awareness about the company and its IPO offering. This process is also called the IPO roadshow.\n* **Fix the price band** – Decide the price band between which the company would like to go public. Of course, this can’t be way off the general perception. If it is, then the public will not subscribe to the IPO\n* **Book Building** – Once the roadshow is done and the price band fixed, the company has to officially open the window during which the public can subscribe for shares. For example, if the price band is between Rs.100 and Rs.120, the public can choose a price they think is fair enough for the IPO issue. The process of collecting all these price points and the respective quantities is called Book Building. Book building is perceived as an effective price discovery method.']","When a company decides to go public and issue its first shares, it follows a sequence of steps under SEBI guidelines [1]:

1.  **Appoint a merchant banker**: The company first appoints one or more merchant bankers, also known as Book Running Lead Managers (BRLM) or Lead Managers (LM). Their role is to assist with various aspects of the IPO process, including due diligence, ensuring legal compliance, and preparing listing documents like the Draft Red Herring Prospectus (DRHP) [1].
2.  **Apply to SEBI with a registration statement**: The company then submits a registration statement to SEBI, detailing its operations, reasons for going public, and financial health [1].
3.  **Get a nod from SEBI**: SEBI reviews the registration statement and decides whether to approve the IPO [1].
4.  **Prepare the DRHP**: If SEBI gives its initial approval, the company prepares the DRHP. This document is circulated to the public and includes details such as the estimated IPO size, the number of shares offered, how the company plans to use the funds, a business description, financial statements, management's outlook on future operations, business risks, and management details [1].
5.  **Market the IPO**: This involves an ""IPO roadshow"" with TV and print advertisements to build public awareness about the company and its IPO offering [1].
6.  **Fix the price band**: The company determines a price band within which it intends to go public [1].
7.  **Book Building**: After the roadshow and price band are set, the company opens a window for the public to subscribe for shares. Investors can choose a price within the band they deem fair. This process of collecting price points and corresponding quantities is called Book Building and is considered an effective method for price discovery [1].",A company goes public through an Initial Public Offering (IPO) in the primary market.,0.9512195121951219,0.7755424789220241,Paraphrased
What are the roles of depositories like NSDL and CDSL in the lifecycle of a stock trade?,"['[Regulators and Market Participants in the Stock Market | [2. Regulators, the guardians of capital markets](https://zerodha.com/varsity/chapter/regulators/) > 2.3 – The Regulator]\ndebenture obligation is honored  |\n| Depositories  | NSDL and CDSL  | Safekeeping, reporting, and settlement of clients’ securities  | They act like a digital vault for your shares. The depositories hold your shares and facilitate the exchange of your securities. When you buy shares, these shares sit in your Depositary account, usually referred to as the DEMAT account.  |\n| Depository Participant (DP)  | Most of the banks and few stockbrokers  | Act as an agent to the depositories  | You cannot directly interact with NSDL or CDSL. You must liaise with a DP to open and maintain your DEMAT account.  |\n| Foreign Institutional Investors (FII)  | Foreign corporate, funds and individuals  | Make investments in India  | These are foreign entities with interest in investing in India. They usually transact large amounts of money, and hence their activity in the markets has an impact in terms of market sentiment.  |\n| Merchant Bankers  | Karvy, Axis Bank, Edelweiss Capital  | Help companies raise money in the primary markets  | If a company plans to raise money by floating an IPO, then merchant bankers are the ones who help companies with the IPO process.  |\n| Asset Management Companies', '[Clearing and Settlement Process in Stock Markets | [10. Clearing and Settlement Process](https://zerodha.com/varsity/chapter/clearing-and-settlement-process/) > 10.3 – What happens when you sell a stock?]\n## 10.3 – What happens when you sell a stock?\nThe day you sell the stocks is again referred to as the ‘T Day’. The stock gets blocked when you sell the stock from your DEMAT account, and by the end of the day, the stocks are ‘earmarked’ for settlement. Please refer to the next section to learn more about earmarking.\nBefore the T+1 day, the earmarked shares are delivered to the depository. On settlement day, the blocked shares are debited from your demat account and moved to the clearing corporation for payin. Against the debit of such shares, you’d have received a credit for the sale after deducting all charges. You may be interested to note that you will receive 80% of the funds on T-Day and the remaining 20% on T+1. In other words, the seller will be settled fully on a T+1 basis, just like how the buyer is settled.', '[Market Intermediaries in Stock Markets explained | [3. Market Intermediaries in Stock Markets explained](https://zerodha.com/varsity/chapter/financial-intermediaries/) > ![broker3](http://zerodha.com/varsity/wp-content/uploads/2014/07/broker3.png) 3.3 – Depository and Depository Participants]\nThe share certificate in DEMAT format has to be stored digitally. The storage place for the digital share certificate is the ‘DEMAT Account. A Depository is a financial intermediary that offers the Demat account service. Think of the demat account as a digital vault for your shares. As you may have guessed, your broker’s trading account and the DEMAT account from the Depository are interlinked.\nFor example, if your idea is to buy Infosys shares, then all you need to do is open your trading account, look for Infosys’ prices, and buy it. Once the transaction is complete, the role of your trading account is done. After you buy, the shares of Infosys will automatically get credited to your demat account.\nLikewise, when you wish to sell Infosys shares, you must log in to your trading account and sell the stock. The act of selling is carried out in your trading account. But in the backend, because your trading account and demat account are linked, the broker debits your demat account of the shares you have sold.', '[How Stock Markets Work: Trading, Prices & Participants | [6. The Stock Markets](https://zerodha.com/varsity/chapter/the-stock-markets/) > 6.2 – What is the stock market?]\n## 6.2 – What is the stock market?\nAs we discussed earlier, the stock market is an electronic marketplace. Buyers and sellers electronically express their points of view in terms of trade.\nFor example, consider the current situation of Infosys. When writing this, Infosys faces a management succession issue, and most of the company’s senior-level executives are resigning. The leadership vacuum is weighing down the company’s reputation heavily. As a result, the stock price dropped to Rs.3,000 from Rs.3,500.\nAssume there are two traders – A and B.\nA’s view on Infosys – The stock price will likely go down further because the company will find it challenging to find a new CEO. If A trades from his point of view, he should be a seller of the Infosys stock.\nHowever, B views the same situation differently and has a different point of view. According to her, the stock price of Infosys has overreacted to the succession issue, and soon the company will find a great leader. The stock price will eventually move up.\nIf B trades from her point of view, she should be a buyer of the Infosys stock.\nSo at, Rs.3000, A will be a seller, and B will be a buyer in Infosys.', '[Market Intermediaries in Stock Markets explained | [3. Market Intermediaries in Stock Markets explained](https://zerodha.com/varsity/chapter/financial-intermediaries/) > ![broker3](http://zerodha.com/varsity/wp-content/uploads/2014/07/broker3.png) 3.3 – Depository and Depository Participants]\nAt present, only two depositaries offer DEMAT account services. The National Securities Depository Limited (NSDL) and Central Depository Services (India) Limited. There is virtually no difference between the two, and both operate under strict SEBI regulations.\nYou cannot walk into National Stock Exchange’s (NSE) office to open a trading account, likewise, you cannot walk into a Depository (NSDL or CDSL) to open a demat account. To open a demat account, you must speak to a Depository Participant (DP). A DP helps you set up your DEMAT account with a Depository. A DP acts as an intermediary between you and the Depository. Even the DP is governed by the regulations laid out by the SEBI.\nZerodha is a depositary participant of Central Depository Services (India) Limited (CDSL).']","Depositories like NSDL and CDSL play several key roles in the lifecycle of a stock trade:

*   **Safekeeping and Digital Vault** They are responsible for the safekeeping, reporting, and settlement of clients' securities, acting as a digital vault for shares [1, 3].
*   **Holding and Facilitating Exchange** Depositories hold shares and facilitate their exchange [1].
*   **DEMAT Accounts** They offer DEMAT account services, where shares sit after being bought [1, 3].
*   **Crediting and Debiting Shares** When shares are bought, they are automatically credited to the DEMAT account. When shares are sold, the broker debits the DEMAT account [3].
*   **Settlement Process** When stocks are sold, they are blocked and earmarked for settlement. Before the T+1 day, these earmarked shares are delivered to the depository. On settlement day, the blocked shares are debited from the DEMAT account and moved to the clearing corporation for payin [2].",Depositories hold securities in electronic/dematerialized form and facilitate transfer of shares during settlement of trades executed on exchanges.,1.0,0.8663981762523787,Multi-Page
"According to general trading principles, if I buy 250 shares at 120 and sell them at 145, what is my total profit?","['[Stock Market Jargons explained: Key terms for beginners | [8. Commonly Used Jargons](https://zerodha.com/varsity/chapter/commonly-used-jargons/)]\nGoing back to stock markets, think about this straightforward transaction – on day 1, you buy Wipro shares at Rs.405, two days later (day 3), the stock moves, and you sell your shares at Rs.425. You made a profit of Rs.20/- on this transaction.\nIn this transaction, your first leg was to buy Wipro at Rs.405, the second leg was to sell Wipro at Rs.425, and you were bullish on the stock.\nOn day 4, the stock is trading at Rs.425, and you are now bearish. You are convinced that the stock will go back to Rs.405. Is there a way you can profit from your bearish expectation? You could, and it can be done by shorting the stock.\nYou sell the stock at Rs.425, and 2 days later, assuming the stock trades at Rs.405, you repurchase it.\nIf you realize the trade’s first leg was to sell at Rs.425, and the second leg was to buy the stock at Rs.405. This is always the case with shorting – you first sell at a price you perceive as high to buy it back at a lower price later.\nYou have executed the same trade as buying at Rs.405 and selling at Rs.425 but in reverse order.', '[How Stock Markets Work: Trading, Prices & Participants | [6. The Stock Markets](https://zerodha.com/varsity/chapter/the-stock-markets/) > 6.8 – Where do you fit in?]\nThere are different types of traders :\n1.     1. **Day Trader** – A day trader initiates and closes the position during the day. He does not carry forward trading positions overnight. A day trader is risk-averse and does not like taking an overnight risk. For example – Buy 100 shares of TCS at 2212 at 9:15 AM and sell it at 2220 at 3:20 PM, making a profit of Rs.800/- in this trade. A day trader usually trades 5 to 6 stocks per day, sometimes even more.\n2. **Scalper** – A type of day trader. A scalper usually trades very large shares and holds the stock for less time to make a small but quick profit. For example – a scalper buys 10,000 shares of TCS as 2212 at 9:15 and sells it 2212.1 at 9.16, ending up making 1000/- profit in this trade. On any given day, the scalper trades multiple times during the day. As you may have noticed, a scalp trader is highly risk-averse.\n3. **Swing Trader** – A swing trader holds on to the trade for a slightly longer; the duration can run anywhere between a few days to weeks. For example – Buy 100 shares of TCS at 2212 on 12th June and sell it at 2214 on 19th June.', '[Stock Market Jargons explained: Key terms for beginners | [8. Commonly Used Jargons](https://zerodha.com/varsity/chapter/commonly-used-jargons/)]\nYou have executed the same trade as buying at Rs.405 and selling at Rs.425 but in reverse order.\nAn obvious question you may have is – How can one sell Wipro shares without owning them? You can do so, just like I sold a phone I did not own. So shorting is possible in the stock markets. The important point to remember is that when you short a stock, you must ensure that you buy back the stock the same day before the market closes. Of course, you can short a stock in the derivatives segment and carry forward the position for a few days. But at this point, ignore the derivatives bit and understand that all short positions in stocks (also called cash segment) have to be closed before the market closes. In other words, a short position in the cash market works only on an intraday basis.\nTo sum it all up…\n1.     1. When you short, you have a bearish view of the stock. You profit if the stock price goes down. After you short, if the stock price goes up, you will end up making a loss.\n2. When you short a stock, ensure you buy the stock back the same day before the market closes unless you use derivatives to short.', '[Rights Issue, OFS and FPO explained: How companies raise funds | [14. Supplementary note – Rights, OFS, FPO](https://zerodha.com/varsity/chapter/supplementary-note-ipo-ofs-fpo/) > IPO, OFS, and FPO – How are they different? > Difference between OFS and FPO]\nHello Karthik,\nI have a ques relating to UC,\nSuppose XYZ stock is trading at Rs. 200 a share and i purchased 1000 shares, Now i want to profit from this by trying to manipulate the stock , so i decided to buy just one share the next day after market opens ( assume the opening price as 200), i placed an buy order of just 1 share for Rs. 210 and i asked my friend to place to place an sell order of just 1 share at Rs. 210.\nwhat do you think will happen,\nwill my order go through and match my friends order and will the price jump to 210,\ni mean is it possible to manipulate the stock with this case.\n[Reply](https://zerodha.com/varsity/chapter/supplementary-note-ipo-ofs-fpo/#comment-56549)\n* ![](https://secure.gravatar.com/avatar/7b51f5b995837c4082b7af599e4572673ef08817654d3e97a0baec861d8b9ffc?s=32&d=identicon&r=g) Ishan Choubey says:\n[March 31, 2018 at 5:33 pm](https://zerodha.com/varsity/chapter/supplementary-note-ipo-ofs-fpo/#comment-56551)\nalso assume that my friend which is selling the stock already has some shares of this compny.\n[Reply](https://zerodha.com/varsity/chapter/supplementary-note-ipo-ofs-fpo/#comment-56551)', '[How Stock Markets Work: Trading, Prices & Participants | [6. The Stock Markets](https://zerodha.com/varsity/chapter/the-stock-markets/) > 6.8 – Where do you fit in? > Key takeaways from this chapter]\n### Key takeaways from this chapter\n1.     1. A stock market is where a trader or an investor can transact (buy, sell) in shares.\n2. A stock market is a place where the buyer and seller meet electronically\n3. Different opinions make a market\n4. The stock exchange electronically facilitates the transaction of buyers and sellers.\n5. News and events move the stock prices daily.\n6. Demand-supply mismatch also makes the stock prices move\n7. When you own a stock, you get corporate privileges like bonuses, dividends, rights, etc\n8. The holding period is defined as the period during which you hold your shares\n9. Use absolute returns when the holding period is one year or less. Use CAGR to identify the growth rate over multiple years\n10. Traders and investors differ on risk-taking ability and the holding period.  \n[← Previous](https://zerodha.com/varsity/chapter/the-ipo-markets-part-2/) [Chapters](https://zerodha.com/varsity/module/introduction-to-stock-markets/) [Next →](https://zerodha.com/varsity/chapter/the-stock-markets-index/)\n* * *  \n[695](https://zerodha.com/varsity/chapter/the-stock-markets/#comments) [comments](https://zerodha.com/varsity/chapter/the-stock-markets/#comments)']","If you buy 250 shares at Rs. 120 and sell them at Rs. 145, your total profit is Rs. 6250.","The profit is 6,250 (calculated as 250 multiplied by the difference between 145 and 120).",0.0,0.8218761105645235,Maths
How do I apply for one?,"['[How IPOs Work: Process, Pricing & Listing explained (Part 2) | [5. The IPO Markets (Part 2)](https://zerodha.com/varsity/chapter/the-ipo-markets-part-2/) > 5.5 – What happens after the IPO?]\n## 5.5 – What happens after the IPO?\nDuring the bidding process, investors can bid for shares at a particular price within the specified price band. This whole system is referred to as the Primary Market around the date of the issue where one bids for shares. The moment the stock gets listed and debuts on the stock exchange, the stock starts to trade publicly. This is called the **secondary market**.\nOnce the stock transitions from primary to secondary markets, the stock gets traded daily on the stock exchange. People transact (buy or sell) these listed shares regularly.\nWhy do people trade? Why does the stock price fluctuate? We will answer all these questions and more in the subsequent chapters.', '[Rights Issue, OFS and FPO explained: How companies raise funds | [14. Supplementary note – Rights, OFS, FPO](https://zerodha.com/varsity/chapter/supplementary-note-ipo-ofs-fpo/) > IPO, OFS, and FPO – How are they different? > FPO]\n### FPO\nAn FPO also has the same intent of raising additional capital after it has been listed but follows a different mechanism for applying and allotting shares. Shares can be diluted, and fresh shares can be created and offered in an FPO. Just like an IPO, an FPO requires that Merchant Bankers be appointed to create a Draft Red Herring Prospectus which has to be approved by SEBI after which bidding is allowed in a 3-5 day period. Investors can place their bids through ASBA and shares are allotted based on the Cut-off Price decided after the book-building process. Since the introduction of OFS in 2012, FPOs are seldom used due to the lengthy approval process.\nThe company decides on a Price Band, and the FPO is publicly advertised. Prospective investors can bid for the issue using the ASBA portal through Internet Banking or apply offline through a Bank Branch. After the bidding process is complete, the cut-off price is declared based on the demand and the additional shares allotted are listed on the exchange for trading in the secondary markets.', '[How IPOs Work: Process, Pricing & Listing explained (Part 2) | [5. The IPO Markets (Part 2)](https://zerodha.com/varsity/chapter/the-ipo-markets-part-2/) > 5.4 – IPO sequence of events]\n* Business description including the revenue model, expenditure details\n* Complete financial statements\n* Management Discussion and Analysis – how the company perceives future business operations to emerge\n* Risks involved in the business\n* Management details and their background  \n*     * **Market the IPO** – This would involve TV and print advertisements to build awareness about the company and its IPO offering. This process is also called the IPO roadshow.\n* **Fix the price band** – Decide the price band between which the company would like to go public. Of course, this can’t be way off the general perception. If it is, then the public will not subscribe to the IPO\n* **Book Building** – Once the roadshow is done and the price band fixed, the company has to officially open the window during which the public can subscribe for shares. For example, if the price band is between Rs.100 and Rs.120, the public can choose a price they think is fair enough for the IPO issue. The process of collecting all these price points and the respective quantities is called Book Building. Book building is perceived as an effective price discovery method.', '[How IPOs Work: Process, Pricing & Listing explained (Part 2) | [5. The IPO Markets (Part 2)](https://zerodha.com/varsity/chapter/the-ipo-markets-part-2/) > 5.4 – IPO sequence of events]\n## 5.4 – IPO sequence of events\nEvery step in the IPO sequence must happen under the SEBI guidelines. In general, the following is the sequence of steps involved.\n*     * **Appoint a merchant banker**. In case of a large public issue, the company can appoint more than one merchant banker\n* **Apply to SEBI with a registration statement** – The registration statement contains details on what the company does, why the company plans to go public, and the financial health of the company\n* **Getting a nod from SEBI** – Once SEBI receives the registration statement, SEBI takes a call on whether to issue a go-ahead or a ‘no go’ to the IPO\n* **DRHP** – If the company gets the initial SEBI nod, then the company needs to prepare the DRHP. A DRHP is a document that gets circulated to the public. Along with a lot of information, DRHP should contain the following details:\n* The estimated size of the IPO\n* The estimated number of shares being offered to the public\n* Why the company wants to go public, and how does the company plan to utilize the funds along with the timeline projection of fund utilization\n* Business description including the revenue model, expenditure details', '[How Companies Grow: IPO Journey and Early Funding (Part 1) | [4. The IPO Markets (Part 1)](https://zerodha.com/varsity/chapter/the-ipo-markets-part-1/) > 4.2 – Origin of a Business > Scene 5 – The IPO]\n3. Raise debt from bankers\n4. Float a bond (this is another form of raising debt)\n5. File for an Initial Public Offer (IPO)\n6. A combination of all the above  \nFor convenience, let us assume the company decides to fund the CAPEX partly through internal accruals and the rest via an IPO. When a company files for an IPO, they have to offer its shares to the general public. The general public will subscribe to the shares (i.e., if they want to) by paying a certain price. Now, because the company offers the shares for the first time to the public, it is called the **“Initial Public Offer’**.\nWe are now at a crucial juncture where a few questions need to be answered.\n1.     1. Why did the company decide to file for an IPO? In general, why do companies go public?\n2. Why did they not file for the IPO when they were in Series A, B, and C situations?\n3. What would happen to the existing shareholders after the IPO?\n4. What does the general public look for before they subscribe to the IPO?\n5. How does the IPO process evolve?\n6. Which of the financial intermediaries are involved in the IPO markets?\n7. What happens after the company goes public?']",I cannot answer this based on the provided website.,Prospective investors can bid for an IPO using the ASBA portal through Internet Banking or apply offline through a Bank Branch.,0.0,0.0,Linked Question
Does Zerodha Varsity recommend buying HDFC bank stock right now for short term gains?,"['[Getting Started in Stock Markets: Building your market point of view | [13. Getting started](https://zerodha.com/varsity/chapter/getting-started/) > 13.2 – So many modules, how are they interrelated?]\nWell Any Books You recommend for Phycology?\nThanks for This Varsity, wish I knew it earlier.\n[Reply](https://zerodha.com/varsity/chapter/getting-started/#comment-572409)\n* ![](https://secure.gravatar.com/avatar/f884b166877faba2d4807720c1305a8a0f15efed625eac674a0e00e005f6fac2?s=32&d=identicon&r=g) Karthik Rangappa says:\n[August 18, 2025 at 10:18 am](https://zerodha.com/varsity/chapter/getting-started/#comment-572613)\nUtkarsh, some of the best investors do tend to combine both TA and FA. FA for deep research on stocks to develop a conviction for making long term investments and TA for timing the exact entry and exit of the stock. So its good to know both ![🙂](https://s.w.org/images/core/emoji/17.0.2/svg/1f642.svg)\n[Reply](https://zerodha.com/varsity/chapter/getting-started/#comment-572613)\n7. ![](https://secure.gravatar.com/avatar/5c188118e38c8226aa1fb12f8a0a26f05a2171e9df112855958c5fcbf72df412?s=32&d=identicon&r=g) Max Brown says:\n[August 13, 2025 at 2:08 am](https://zerodha.com/varsity/chapter/getting-started/#comment-572141)', '[Stock Market Jargons explained: Key terms for beginners | [8. Commonly Used Jargons](https://zerodha.com/varsity/chapter/commonly-used-jargons/)]\n[February 2, 2021 at 8:21 pm](https://zerodha.com/varsity/chapter/commonly-used-jargons/#comment-201459)\nRahul, money markets is where short term and ultra short term bonds and bills are traded, EQ market is where stocks are traded.\n[Reply](https://zerodha.com/varsity/chapter/commonly-used-jargons/#comment-201459)\n85. ![](https://secure.gravatar.com/avatar/0d5321892567e10342c7b16373d29e7509b2a728fbdfd322ae99e34ea2371dd9?s=32&d=identicon&r=g) Aneeta says:\n[January 5, 2021 at 5:47 pm](https://zerodha.com/varsity/chapter/commonly-used-jargons/#comment-194339)\nReally today I feel I got valuable knowledge of the market… Thnks to the creator ![😁](https://s.w.org/images/core/emoji/17.0.2/svg/1f601.svg)\n[Reply](https://zerodha.com/varsity/chapter/commonly-used-jargons/#comment-194339)\n* ![](https://secure.gravatar.com/avatar/f884b166877faba2d4807720c1305a8a0f15efed625eac674a0e00e005f6fac2?s=32&d=identicon&r=g) Karthik Rangappa says:\n[January 6, 2021 at 11:32 am](https://zerodha.com/varsity/chapter/commonly-used-jargons/#comment-194532)\nAneeta, happy reading and learning ![🙂](https://s.w.org/images/core/emoji/17.0.2/svg/1f642.svg)', '[Stock Market Jargons explained: Key terms for beginners | [8. Commonly Used Jargons](https://zerodha.com/varsity/chapter/commonly-used-jargons/)]\nwhich one is right.\n2.Short position is done in intraday only or it can be done in delivery as well.\nSomeone told me that if i short share and don\\’t buy it back same day before closing the market then may be penalty imposed by stock broker or NSE or BSE.\n* ![](https://secure.gravatar.com/avatar/f884b166877faba2d4807720c1305a8a0f15efed625eac674a0e00e005f6fac2?s=32&d=identicon&r=g) Karthik Rangappa says:\n[December 28, 2018 at 11:57 am](https://zerodha.com/varsity/chapter/commonly-used-jargons/#comment-72940)\n1) It just refers to the last 52 weeks from today\n2) Short in the spot market is only intraday but in futures market, you can carry forward\n155. ![](https://secure.gravatar.com/avatar/9c86493735d2738d62ef82fe1af3de39269626c919188c90fba2a66e9dadf170?s=32&d=identicon&r=g) Naveen Dahiya says:\n[November 26, 2018 at 3:54 pm](https://zerodha.com/varsity/chapter/commonly-used-jargons/#comment-71439)\nSir,what does BZ series mean?\n[Reply](https://zerodha.com/varsity/chapter/commonly-used-jargons/#comment-71439)\n* ![](https://secure.gravatar.com/avatar/f884b166877faba2d4807720c1305a8a0f15efed625eac674a0e00e005f6fac2?s=32&d=identicon&r=g) Karthik Rangappa says:', '[How Stock Markets Work: Trading, Prices & Participants | [6. The Stock Markets](https://zerodha.com/varsity/chapter/the-stock-markets/) > 6.6 – A note on the holding period]\n## 6.6 – A note on the holding period\nThe holding period is the period you intend to hold the stock. You may be surprised that the holding period could be as short as a few minutes to as long as ‘forever.’ When the legendary investor Warren Buffet was asked what his favorite holding period was, he replied ‘forever.’\nIn the earlier example quoted in this chapter, we illustrated how Infosys stocks moved from 3000 to 3016 in 5 minutes. Well, this is not a bad return after all, for a 5 Minute holding period! If you are satisfied with it, you can close the trade and move on to find another opportunity. To remind you, this is very much possible in real markets. When things are hot, such moves are quite common.', '[Stock Market Jargons explained: Key terms for beginners | [8. Commonly Used Jargons](https://zerodha.com/varsity/chapter/commonly-used-jargons/)]\n[Reply](https://zerodha.com/varsity/chapter/commonly-used-jargons/#comment-72846)\n* ![](https://secure.gravatar.com/avatar/f884b166877faba2d4807720c1305a8a0f15efed625eac674a0e00e005f6fac2?s=32&d=identicon&r=g) Karthik Rangappa says:\n[December 27, 2018 at 11:53 am](https://zerodha.com/varsity/chapter/commonly-used-jargons/#comment-72883)\nYes, you can partially sell your holdings.\n[Reply](https://zerodha.com/varsity/chapter/commonly-used-jargons/#comment-72883)\n* ![](https://secure.gravatar.com/avatar/5a9378fa45fb2f432099a3b3c58c81e25e2f615e5167bdd17932b708c775b30f?s=32&d=identicon&r=g) Hemant Kumar says:\n[December 27, 2018 at 8:13 pm](https://zerodha.com/varsity/chapter/commonly-used-jargons/#comment-72912)\nThank you Sir for quick reply,\nTwo more doubt in this chapter.\n1. What does mean of 52 week high/low.\nIs it mean last financial year 52 week high/low or back from the present date.\nsuppose today( 27/12/2018) show highest price for any share is Rs 10000/-\nThis highest price is in FY 2017-18 or from 28/12/2017 to 27/12/2018.\nwhich one is right.\n2.Short position is done in intraday only or it can be done in delivery as well.']",I cannot answer this based on the provided website.,I cannot answer this based on the provided website.,0.0,0.0,Misleading Trap
Can I trade Bitcoin and Ethereum derivatives on the NSE exchange?,"['[Getting Started in Stock Markets: Building your market point of view | [13. Getting started](https://zerodha.com/varsity/chapter/getting-started/) > 13.2 – So many modules, how are they interrelated?]\nSo after developing a POV, what does one generally do? Does the straightaway go and trade the point of view? Here is where the complexity of markets starts to kick in.\nIf the POV is bullish, you can choose to do one of the following:\n1. Buy the stock in the spot market.\n2. Buy the stock in the derivatives markets.\n1. Within derivatives, you can choose to buy the futures.\n2. Or choose to trade via the options market.\n1. Within the options market, there are call options and put options.\n2. You can combine call and put options to create a synthetic bullish trade.  \nSo what you choose to do after developing a POV is a different ball game. Choosing the right instrument to trade that complements your POV is critical to profitable trading.\nFor example, if I’m extremely bullish on the stock from a 1-year perspective, I’m better off making a delivery trade. However, if I’m out rightly bullish on the stock from a short-term perspective (say one week), I’d rather choose a futures instrument to trade.', '[Stock Market Jargons explained: Key terms for beginners | [8. Commonly Used Jargons](https://zerodha.com/varsity/chapter/commonly-used-jargons/)]\nYou have executed the same trade as buying at Rs.405 and selling at Rs.425 but in reverse order.\nAn obvious question you may have is – How can one sell Wipro shares without owning them? You can do so, just like I sold a phone I did not own. So shorting is possible in the stock markets. The important point to remember is that when you short a stock, you must ensure that you buy back the stock the same day before the market closes. Of course, you can short a stock in the derivatives segment and carry forward the position for a few days. But at this point, ignore the derivatives bit and understand that all short positions in stocks (also called cash segment) have to be closed before the market closes. In other words, a short position in the cash market works only on an intraday basis.\nTo sum it all up…\n1.     1. When you short, you have a bearish view of the stock. You profit if the stock price goes down. After you short, if the stock price goes up, you will end up making a loss.\n2. When you short a stock, ensure you buy the stock back the same day before the market closes unless you use derivatives to short.', '[Stock Market Jargons explained: Key terms for beginners | [8. Commonly Used Jargons](https://zerodha.com/varsity/chapter/commonly-used-jargons/)]\n• M – Shares listed under SME Small and Medium Enterprise, Rolling settlement\n• MT – Shares listed under SME Small and Medium Enterprise, Trade for Trade settlement\n• E – Exchange Traded Funds\n• I – Interest Rate securities, underlying\n• P – Shares traded and settled in Physical mode/ Optional Demat mode\nNFO\n• FUTIDX – Futures on Index\n• FUTIVX – Futures on Volatility Index\n• FUTSTK – Futures on Stock\n• OPTIDX – Options on Index\n• OPTSTK – Options on Stock\n• SP-FUTIDX – Calendar Spread Order Futures on Index\n• SP-FUTIVX – Calendar Spread Order Futures on Volatility Index\n• SP-FUTSTK – Calendar Spread Order Futures on Stock\nBFO\n• IF – Index Futures\n• SF – Stock Futues\nCDS\n• FUTCUR – Futures on Currency Pairs\n• FUTIRC – Futures on Government of India Bonds\n• FUTIRD – Futures on 10 Year Notional coupon bearing GOI security\n• FUTIRT – Futures on Government of India Treasury Bills\n• OPTCUR – Options on Current Pairs\n• SP-FUTCUR – Calendar Spread Order Futures on Currency Pairs\n• SP-FUTIRC – Calendar Spread Order Futures on Government of India Bonds\n• Sp-FUTIRD – Calendar Spread Order Futures on 10 Year Notional coupon bearing GOI security', '[Stock Market Jargons explained: Key terms for beginners | [8. Commonly Used Jargons](https://zerodha.com/varsity/chapter/commonly-used-jargons/)]\n[October 21, 2020 at 9:58 am](https://zerodha.com/varsity/chapter/commonly-used-jargons/#comment-175374)\nI can buy 100 shares on NSE, but while selling, I can choose to sell on BSE. So the dynamics keep changing. But having said that, NSE has higher liquidity in the market. These are two different segments i.e. derivatives and CNC. So it won\\’t be mixed up, besides in F&O, it is just the contract which gets trades and not the actual shares.\n[Reply](https://zerodha.com/varsity/chapter/commonly-used-jargons/#comment-175374)\n98. ![](https://secure.gravatar.com/avatar/3477886da36c21880759cc40742ae7152a9e7b703383f202570a2273550aa7de?s=32&d=identicon&r=g) Prateek Somani says:\n[October 7, 2020 at 1:07 pm](https://zerodha.com/varsity/chapter/commonly-used-jargons/#comment-171653)\nIn the short position example that you gave how can we borrow shares from someone else ? I don\\’t think there exist any body which allow you to borrow shares just like the bonds. And actually when you sell the shares , the shares will be transferred from your DEMAT account, then how could is it possible to trade from an empty DEMAT account ?', '[Stock Market Jargons explained: Key terms for beginners | [8. Commonly Used Jargons](https://zerodha.com/varsity/chapter/commonly-used-jargons/)]\nHere you go…copy pasted the post from the link!\nNSE\n• EQ – Equity Shares Regular, Rolling Settlement, Intraday allowed\n• BE – Equity Sahres excluded from EQ series and traded as Trade for Trade settlement, No intraday allowed, only delivery\n• BT – Limited Physical Market, physical shares 8% of equity capital and upto the ceiling limit, Rolling Settlement, pre arranged buyer and seller\n• MF – Mutual Funds which are listed in the exchange\n• DR – Indian Depository Receipts, Rolling Settlement\n• DE – Indian Depository Receipts, Trade for Trade Settlement\n• ME, DL, DT, BZ, IT –\n• E@ – Partly paid equity shares, Rolling Settlement\n• X@ – Partly paid equity shares, Trade for Settlement\n• P@ – Non convertible preference shares, Rolling Settlement\n• O@ – Non convertible preference shares, Trade for Trade Settlement\n• Q@ – Fully convertible preference shares, Rolling Settlement\n• F@ – Fully convertible preference shares, Trade for Trade Settlement\n• N@, Y@ – Non convertible debt instruments, Rolling settlement\n• U@, M@ – Non convertible debt instruments, Trade for Trade settlement\n• D@ – Fully convertible debt instruments, Rolling Settlement']",I cannot answer this based on the provided website.,I cannot answer this based on the provided website.,0.0,0.0,Misleading Trap
What is the capital city of France?,"['[Regulators and Market Participants in the Stock Market | [2. Regulators, the guardians of capital markets](https://zerodha.com/varsity/chapter/regulators/) > 2.1 – What is the stock market?]\nUnlike a supermarket, the stock market does not exist in a brick-and-mortar form. It exists in electronic form. You access the market electronically from your computer and conduct transactions (buy or sell). It is also important to note that you can access the stock market via a registered intermediary called the stockbroker. We will discuss the stockbrokers at a later point.\nIndia has two stock exchanges – the Bombay Stock Exchange (BSE) and the National Stock Exchange (NSE). There were many other exchanges earlier, but none of them survived. So when you talk about the stock markets in India, you are essentially referring to either NSE or BSE. Older stock exchanges like Bangalore Stock Exchange (BgSE), Madras Stock Exchange (MSE), Calcutta Stock Exchange (CSE) have either merged with BSE/NSE or shut shop.', '[Regulators and Market Participants in the Stock Market | [2. Regulators, the guardians of capital markets](https://zerodha.com/varsity/chapter/regulators/) > 2.1 – What is the stock market?]\n## 2.1 – What is the stock market?\nIn the previous chapter, we established that investing in equities is vital to generate inflation-beating returns. Having said that, how do we go about investing in equities? Before we dwell further into this topic, it is essential to understand the market ecosystem and the many different entities involved in making our capital market journey smooth.\nJust like the way we go to the neighborhood kirana store or a supermarket to shop for our daily needs, similarly, we go to the stock market to shop (read as transact) for investments. The stock market is where all the participants who wish to transact in shares go. Transact means to buy or sell shares in the context of stock markets. The primary purpose of the stock market is to help you facilitate your transactions. So if you want to buy shares of a company, the stock market helps you meet the seller and vice versa.\n[![Ch2-title](http://zerodha.com/varsity/wp-content/uploads/2014/07/Ch2-title.jpg)](http://zerodha.com/varsity/wp-content/uploads/2014/07/Ch2-title.jpg)', '[Rights Issue, OFS and FPO explained: How companies raise funds | [14. Supplementary note – Rights, OFS, FPO](https://zerodha.com/varsity/chapter/supplementary-note-ipo-ofs-fpo/) > IPO, OFS, and FPO – How are they different? > Difference between OFS and FPO]\n[March 13, 2024 at 11:06 am](https://zerodha.com/varsity/chapter/supplementary-note-ipo-ofs-fpo/#comment-518269)\nThe market forces decide on the price Manoj. This is called price discovery ![🙂](https://s.w.org/images/core/emoji/17.0.2/svg/1f642.svg)\n[Reply](https://zerodha.com/varsity/chapter/supplementary-note-ipo-ofs-fpo/#comment-518269)\n12. ![](https://secure.gravatar.com/avatar/aa38ab9202a6d0ae7d7a203b517bbb72c6d113aa0730f6e3e89e4bf03c9afdf6?s=32&d=identicon&r=g) Snandan says:\n[November 14, 2023 at 6:59 pm](https://zerodha.com/varsity/chapter/supplementary-note-ipo-ofs-fpo/#comment-511690)\nIn the starting it was mentioned that the main purpose of OFS & FPO is the procurement of capital after the company is listed in secondary markets. But in case of OFS, the money goes in the hands of promoters so how does OFS benefits the company in capital procurement process ? Doesn\\’t it benefits the promoters only ?\n[Reply](https://zerodha.com/varsity/chapter/supplementary-note-ipo-ofs-fpo/#comment-511690)\n* ![](https://secure.gravatar.com/avatar/f884b166877faba2d4807720c1305a8a0f15efed625eac674a0e00e005f6fac2?s=32&d=identicon&r=g) Karthik Rangappa says:', '[Stock Market Index explained: Sensex, Nifty & how they work | [7. Stock market index explained: Sensex, Nifty & how they work](https://zerodha.com/varsity/chapter/the-stock-markets-index/) > 7.1 – Overview]\n## 7.1 – Overview\nIf I were to ask you to give me a real-time summary of the traffic situation in your city, how would you possibly do it?\nYour city may have thousands of roads and junctions; it is unlikely you would check every road in the city to find the answer. The wiser thing for you to do would be to quickly check a few important roads and junctions across the city’s four directions and observe how the traffic is moving. If you observe chaotic conditions across these roads, you can conclude the traffic situation is chaotic; else, traffic can be considered normal.\nThe few important roads and junctions you tracked to summarize the traffic situation served as a barometer for the entire city’s traffic situation!\nDrawing parallels, if I were to ask you how the stock market is moving today, how would you answer my question? There are approximately 5,000 listed companies on the Bombay Stock Exchange and about 2,000 on the National Stock Exchange. It would be clumsy to check every company, figure out if they are up or down for the day, and then give a detailed answer.', '[How Companies Grow: IPO Journey and Early Funding (Part 1) | [4. The IPO Markets (Part 1)](https://zerodha.com/varsity/chapter/the-ipo-markets-part-1/) > 4.2 – Origin of a Business > Key takeaways from this chapter]\n### Key takeaways from this chapter\n1. Before understanding why companies go public, it is important to understand the origin of business.\n2. The people who invest in your business in the pre-revenue stage are called Angel Investors.\n3. Angel investors take the maximum risk. They take in as much risk as the promoter.\n4. The money that angels give to start the business is called the seed fund.\n5. Angel’s invests a relatively small amount of capital\n6. The valuation of a company signifies how much the company is valued by considering the company’s assets, liabilities, and future growth prospects.\n7. Face value is simply a denominator to indicate how much one share is originally worth. Face value is also called the notional value of a share.\n8. The money the company spends on business expansion is called capital expenditure or CAPEX\n9. Series A, B, and C are funding the company seeks as it evolves. Usually, the newer the series, the higher the company’s valuation.\n10. Beyond a certain size, VCs dont invest, and hence the company seeking investments will have to approach Private Equity firms.']",I cannot answer this based on the provided website.,I cannot answer this based on the provided website.,0.0,0.0,Unanswerable
What is the best recipe for baking a chocolate lava cake?,"['[Clearing and Settlement Process in Stock Markets | [10. Clearing and Settlement Process](https://zerodha.com/varsity/chapter/clearing-and-settlement-process/) > 10.4 – What is earmarking?]\n## 10.4 – What is earmarking?\nEarlier, for the settlement of a sell trade, the broker would be required to debit shares from a selling client, hold the securities in the broker’s pool account, and transfer the securities to the clearing corporation (CC) on T+2. Upon transfer, the client would receive a credit of funds against the sale, and the transaction would have been said to be settled. It was usual practice for brokers to debit shares on T day or T+1 day and transfer it to CC on T+2 (since the settlement was on T+2).\nFrom the time the shares were debited until they were settled, the client shares lie in the broker’s pool account, possibly allowing a broker to misuse these securities. SEBI identified this as a potential risk and introduced “earmarking” for settlement. In this new earmarking system, shares are no longer debited from the client’s account; they are only earmarked for settlement. Think of earmarking as a temporary hold on the securities towards an upcoming settlement for the sale transaction initiated by the client.', '[How Stock Markets Work: Trading, Prices & Participants | [6. The Stock Markets](https://zerodha.com/varsity/chapter/the-stock-markets/) > 6.3 – What moves the stock?]\nThe answer to the second question is now quite simple; you buy Infosys stocks because there is good news surrounding the stock.\nNow, moving forward on the same day, at 12:30 PM, ‘The National Association of Software & Services company’ (NASSCOM) makes a statement stating that the customer’s IT budget seems to have come down by 15%, which could have an impact on the industry in the future. For those unaware, NASSCOM is a trade association of Indian IT companies.\nBy 12:30 PM, let us assume Infosys is trading at 3030. Few questions for you…\n1.     1. How does this new information impact Infosys?\n2. What would it be if you were to initiate a new trade with this information?\n3. What would happen to the other IT stocks in the market?  \nThe answers to the above questions are quite simple. Before we answer these questions, let us analyze NASSCOM’s statement in more detail.\nNASSCOM says that the IT budget is likely to shrink by 15%. This means IT companies’ revenues and profits will likely go down soon. This is not great news for the IT industry.\nLet us now try and answer the above questions…', '[Stock Market Jargons explained: Key terms for beginners | [8. Commonly Used Jargons](https://zerodha.com/varsity/chapter/commonly-used-jargons/)]\nFor every buyer there needs to be a seller and vice-versa, right?\nThen how is the volume actually calculated, what it actually signifies?\nSuppose I have one chocolate and I sell it to my friend. If we calculate the volume, simply, as sum of sells and buys, it comes comes out to be 2 chocolates. But this doesn\\’t make sense, because there was only one chocolate which changed hands. And even after the transaction there is only one chocolate.\nWhat am I missing here?\n[Reply](https://zerodha.com/varsity/chapter/commonly-used-jargons/#comment-40210)\n* ![](https://secure.gravatar.com/avatar/f884b166877faba2d4807720c1305a8a0f15efed625eac674a0e00e005f6fac2?s=32&d=identicon&r=g) Karthik Rangappa says:\n[May 26, 2017 at 5:28 pm](https://zerodha.com/varsity/chapter/commonly-used-jargons/#comment-40242)\nNumber of trades is 2 and volume will be 1.\nHave a look at this, it chapter is dedicated to volumes – https://zerodha.com/varsity/chapter/volumes/\n[Reply](https://zerodha.com/varsity/chapter/commonly-used-jargons/#comment-40242)', '[Clearing and Settlement Process in Stock Markets | [10. Clearing and Settlement Process](https://zerodha.com/varsity/chapter/clearing-and-settlement-process/) > 10.3 – What happens when you sell a stock?]\n## 10.3 – What happens when you sell a stock?\nThe day you sell the stocks is again referred to as the ‘T Day’. The stock gets blocked when you sell the stock from your DEMAT account, and by the end of the day, the stocks are ‘earmarked’ for settlement. Please refer to the next section to learn more about earmarking.\nBefore the T+1 day, the earmarked shares are delivered to the depository. On settlement day, the blocked shares are debited from your demat account and moved to the clearing corporation for payin. Against the debit of such shares, you’d have received a credit for the sale after deducting all charges. You may be interested to note that you will receive 80% of the funds on T-Day and the remaining 20% on T+1. In other words, the seller will be settled fully on a T+1 basis, just like how the buyer is settled.', '[How Stock Markets Work: Trading, Prices & Participants | [6. The Stock Markets](https://zerodha.com/varsity/chapter/the-stock-markets/) > 6.7 – How to calculate returns?]\nCAGR factors in the time component, which we had ignored when we computed the absolute return.\nThe formula to calculate CAGR is…\n![CAGR](http://zerodha.com/varsity/wp-content/uploads/2014/08/CAGR.jpg)\nApplying this to answer the question…\n{[3550/3030]^(1/2) – 1} = 8.2%\nThis means the investment grew at a rate of 8.2% for two years. As of today, the bank fixed deposit market offers 5.5% with capital protection hence, 8.2% return looks ok compared to a fixed deposit.\nSo, always use CAGR to check returns over multiple years. Use absolute return when your time frame is for a year or lesser.\nWhat if you bought Infosys at 3030 and sold it at 3550 within six months? In that case, you have generated 17.16% in 6 months, which translates to 34.32% (17.16% * 2) for the year.\nSo the point is if you have to compare returns, it’s best done when the return is expressed on an annualized basis.']",I cannot answer this based on the provided website.,I cannot answer this based on the provided website.,0.0,0.0,Unanswerable
